,strategy_arima0_0_0,strategy_arima0_0_1,strategy_arima0_0_2,strategy_arima0_1_0,strategy_arima0_1_1,strategy_arima0_1_2,strategy_arima1_0_0,strategy_arima1_0_1,strategy_arima1_0_2,strategy_arima1_1_0,strategy_arima1_1_1,strategy_arima1_1_2,strategy_arima2_0_0,strategy_arima2_0_1,strategy_arima2_0_2,strategy_arima2_1_0,strategy_arima2_1_1,strategy_arima2_1_2
MAE,1.0989050095338644,1.0989061093164598,1.0987757033015069,1.0987704973404513,1.0987704973404513,1.0987131599849853,1.0987466856648451,1.0987466856648451,1.0987404899164104,1.0987704973404513,1.0987704973404513,1.0987131599849853,1.0987404899164104,1.0987404899164104,1.0987404899164104,1.0987131599849853,1.0987404899164104,1.0987131599849853
MSE,1.2126736961858127,1.2126859637037462,1.2123962396122372,1.2123950391194651,1.2123950391194651,1.2122671668780636,1.2123421794925053,1.2123421794925053,1.21232768823445,1.2123950391194651,1.2123950391194651,1.2122671668780636,1.21232768823445,1.21232768823445,1.21232768823445,1.2122671668780636,1.21232768823445,1.2122671668780636
RMSE,1.1012146458278753,1.1012202158077857,1.1010886611041988,1.1010881159650507,1.1010881159650507,1.1010300481267818,1.1010641123442837,1.1010641123442837,1.1010575317550169,1.1010881159650507,1.1010881159650507,1.1010300481267818,1.1010575317550169,1.1010575317550169,1.1010575317550169,1.1010300481267818,1.1010575317550169,1.1010300481267818
MAPE,99.99476233245811,99.99448434225644,99.9827316063209,99.98186924648583,99.98186924648583,99.97672725523151,99.97972395743341,99.97972395743341,99.97919555798053,99.98186924648583,99.98186924648583,99.97672725523151,99.97919555798053,99.97919555798053,99.97919555798053,99.97672725523151,99.97919555798053,99.97672725523151
R2,-236.79286519428106,-236.7952707286366,-236.73845880795884,-236.73822340364785,-236.73822340364785,-236.71314896956278,-236.72785817334113,-236.72785817334113,-236.72501658637168,-236.73822340364785,-236.73822340364785,-236.71314896956278,-236.72501658637168,-236.72501658637168,-236.72501658637168,-236.71314896956278,-236.72501658637168,-236.71314896956278
