,bench_mean_Close,bench_naive_Close,bench_drift_Close,bench_seasonal_naive_Close,Close
MAE,0.06692943355619843,0.10303818913969663,0.09148405436558317,0.09802941491108132,0.0
MSE,0.006774240959091136,0.015494483392868165,0.012391268822980356,0.013761772918585173,0.0
RMSE,0.08230577719146534,0.12447683878082767,0.11131607621085265,0.1173105831482615,0.0
MAPE,6.337254320462203,9.81855734853394,8.725692400872836,9.325901920076344,0.0
R2,-0.28716212779347416,-1.9440807218792235,-1.354444142239104,-1.6148513197371188,1.0
