,bench_mean_Close,bench_naive_Close,bench_drift_Close,bench_seasonal_naive_Close
MAE,0.06429037828769456,0.10962266153759427,0.09667285270597324,0.1044054060512119
MSE,0.005712863143953989,0.015336782834134569,0.012189513025232588,0.01357102066360047
RMSE,0.0755834845978537,0.1238417653061138,0.11040612766161391,0.11649472375863411
MAPE,6.048673759811391,10.33397485596125,9.124707189782413,9.822585042013905
R2,-0.5936414964548438,-3.278298452232277,-2.40034642684308,-2.7857272498551633
